time,vessel,day,min
1st dose,1,0,6.841
1st dose,2,0,6.7775
1st dose,3,0,6.803
1st dose,4,0,6.8475
1st dose,6,0,6.7415
1st dose,7,0,6.8035
1st dose,8,0,6.767
3,1,7,6.666428571
3,2,7,6.699
1,1,8,6.333
1,2,8,6.438444444
3,3,7,6.723
3,4,7,6.7945
2,3,9,6.702
2,4,9,6.728
3,7,7,6.7675
3,7,7,6.757333333
3,8,7,6.673
